<?xml version="1.0" encoding="UTF-8" standalone="yes"?>
<addon id="plugin.video.tamilrasigan" name="TamilRasigan Movies" version="1.0.1" provider-name="jarnap">
	<requires>
		<import addon="xbmc.python" version="2.14.0"/>
        <import addon="script.module.urlresolver" version="1.0.0"/>
        <import addon="script.module.t0mm0.common" version="1.1.0"/>
        <import addon="script.module.simplejson"/>
        <import addon="script.module.elementtree"/>
        <import addon="script.module.beautifulsoup"/>
        <import addon="script.module.metahandler" version="1.0.0"/>
        <import addon="script.common.plugin.cache" version="2.5.4"/>
	</requires>
	<extension point="xbmc.python.pluginsource" library="addon.py">
		<provides>video</provides>
	</extension>
	<extension point="xbmc.addon.metadata">
		<platform>all</platform>
		<summary lang="en">Watch Tamil Movies</summary>
        <description>Watch tamil movies from tamilrasigan.com</description>
        <disclaimer></disclaimer>
	</extension>
</addon>
