<?xml version="1.0" encoding="UTF-8" standalone="yes"?>
<addon id="plugin.video.tamilrasigan" name="TamilRasigan Movies" version="1.0.0" provider-name="jarnap">
    <extension point="xbmc.addon.repository" name="TamilRasigan Movies">
        <info compressed="false">https://github.com/jarnap/tamilrasigan-kodi-repo/raw/master/addons.xml</info>
        <checksum>https://github.com/jarnap/tamilrasigan-kodi-repo/raw/master/addons.xml.md5</checksum>
        <datadir zip="true">https://github.com/jarnap/tamilrasigan-kodi-repo/raw/master/zip/</datadir>
    </extension>
    <extension point="xbmc.addon.metadata">
        <platform>all</platform>
        <summary lang="en">Watch Tamil Movies</summary>
        <description>Watch tamil movies from tamilrasigan.com</description>
        <disclaimer></disclaimer>
    </extension>
</addon>
